<?xml version="1.0" encoding="UTF-8" standalone="yes"?>
<action-definition id="com.hybris.oms.actions.createPopupBin"
                   xmlns:xsi="http://www.w3.org/2001/XMLSchema-instance"
                   xsi:noNamespaceSchemaLocation="http://www.hybris.com/schema/cockpitng/action-definition.xsd">

    <name>create.popup.bin</name>
    <description>This action allow a user to create a popup bin</description>
    <author>hybris</author>
    <version>0.1</version>

    <actionClassName>com.hybris.oms.actions.CreatePopupBinAction</actionClassName>
    <inputType>java.lang.String</inputType>
    <iconUri>icons/add_normal.png</iconUri>
    <iconDisabledUri>icons/add_normal.png</iconDisabledUri>
    <settings>
        <setting key="viewMode" default-value="iconAndText"/>
    </settings>
</action-definition>
