<?xml version="1.0" encoding="UTF-8" standalone="yes"?>
<action-definition id="com.hybris.oms.actions.ConfirmRefundAction"
				   xmlns:xsi="http://www.w3.org/2001/XMLSchema-instance"
				   xsi:noNamespaceSchemaLocation="http://www.hybris.com/schema/cockpitng/action-definition.xsd">

	<customRendererClassName>com.hybris.oms.actions.ConfirmRefundActionRenderer</customRendererClassName>
	<description>This action allow a user to do a refund for the return</description>
	<author>hybris</author>
	<version>0.1</version>
	<actionClassName>com.hybris.oms.actions.ConfirmRefundAction</actionClassName>
	<inputType>com.hybris.cockpitng.widgets.common.beaneditor.ObjectState</inputType>
	<outputType>com.hybris.cockpitng.widgets.common.beaneditor.ObjectState</outputType>
	<iconUri>icons/manual_refund.png</iconUri>
	<settings>
		<setting key="viewMode" default-value="iconAndText" />
	</settings>
</action-definition>
