<?xml version="1.0" encoding="UTF-8" standalone="yes" ?>
<widget-definition id="com.hybris.oms.omsadmin.widgets.atsconfiguration"
                   xmlns:xsi="http://www.w3.org/2001/XMLSchema-instance"
                   xsi:noNamespaceSchemaLocation="http://www.hybris.com/schema/cockpitng/widget-definition.xsd">

    <name>ATS Configuration MVVM</name>
    <description>Define the rules to calculate a specific ATS</description>
    <defaultTitle>ATS Configuration MVVM</defaultTitle>
    <author>Hybris</author>
    <version>1</version>

    <keywords>
        <keyword>OMS Admin</keyword>
    </keywords>

    <sockets>
        <input type="com.hybris.oms.domain.ats.AtsFormula" id="selectedFormula"/>
    </sockets>

    <controller class="com.hybris.omsadmin.widgets.ats.OmsATSConfigurationVM"/>

    <view src="atsconfigurationwidget.zul"/>

</widget-definition>
