<?xml version="1.0" encoding="UTF-8" standalone="yes"?>
<editor-definition id="com.hybris.cockpitng.editor.countriesChosenMultiSelectEditor"
                   xmlns:xsi="http://www.w3.org/2001/XMLSchema-instance"
                   xsi:noNamespaceSchemaLocation="http://www.hybris.com/schema/cockpitng/editor-definition.xsd">

    <name>Countries Chosen Multi Select Editor</name>
    <description>Countries Chosen Multi Select Editor</description>
    <author>hybris</author>
    <version>0.1</version>

    <type>List(String)</type>
    <editorClassName>com.hybris.oms.editor.CountriesChosenMultiSelectEditor</editorClassName>
</editor-definition>
