<?xml version="1.0" encoding="UTF-8" standalone="yes" ?>
<widget-definition id="com.hybris.oms.omsadmin.widgets.olqstatusmanagement"
                   xmlns:xsi="http://www.w3.org/2001/XMLSchema-instance"
                   xsi:noNamespaceSchemaLocation="http://www.hybris.com/schema/cockpitng/widget-definition.xsd">

    <!-- Code reviewed -->

    <name>OLQ Status Management</name>
    <description>OLQ Status Management</description>
    <defaultTitle>OLQ Status Management</defaultTitle>
    <author>Hybris</author>
    <version>1</version>

    <keywords>
        <keyword>OMS Admin</keyword>
    </keywords>

    <controller class="com.hybris.omsadmin.widgets.order.orderlinequantity.OmsOrderLineQuantityStatusManagerVM"/>

    <view src="olqstatusmanagementwidget.zul"/>

</widget-definition>
