<?xml version="1.0" encoding="UTF-8" standalone="yes"?>
<action-definition id="com.hybris.oms.actions.cancelCreationAction"
                   xmlns:xsi="http://www.w3.org/2001/XMLSchema-instance"
                   xsi:noNamespaceSchemaLocation="http://www.hybris.com/schema/cockpitng/action-definition.xsd">

    <name>cancel.objectcreation</name>
    <description>This action to cancel object creation</description>
    <author>hybris</author>
    <version>0.1</version>
    <actionClassName>com.hybris.oms.actions.CancelCreationAction</actionClassName>
    <inputType>java.lang.Object</inputType>
    <settings>
        <setting key="viewMode" default-value="textOnly"/>
		<setting key="actionStyleClass" default-value="secondary-action"/>
    </settings>
</action-definition>
