<?xml version="1.0" encoding="UTF-8" standalone="yes"?>
<action-definition id="com.hybris.oms.actions.PrintShipLabelAction"
                   xmlns:xsi="http://www.w3.org/2001/XMLSchema-instance"
                   xsi:noNamespaceSchemaLocation="http://www.hybris.com/schema/cockpitng/action-definition.xsd">

    <name>print.ship.label</name>
    <description>Print Ship Label</description>
    <version>0.1</version>

    <actionClassName>com.hybris.oms.actions.PrintShipLabelAction</actionClassName>
    <inputType>com.hybris.oms.ui.api.shipment.ShipmentDetail</inputType>
    <outputType>java.lang.Object</outputType>
    <iconUri>icons/sys_but_ship_label.png</iconUri>
    <iconDisabledUri>icons/sys_but_ship_label.png</iconDisabledUri>
    <settings>
        <setting key="viewMode" default-value="iconAndText"/>
    </settings>
</action-definition>
