<?xml version="1.0" encoding="UTF-8" standalone="yes"?>
<editor-definition id="com.hybris.oms.editor.addressLabelEditor"
                   xmlns:xsi="http://www.w3.org/2001/XMLSchema-instance"
                   xsi:noNamespaceSchemaLocation="http://www.hybris.com/schema/cockpitng/editor-definition.xsd">

    <name>Address Label Editor</name>
    <description>Address Label Editor</description>
    <author>hybris</author>
    <version>0.1</version>
    <type>java.lang.String</type>
    <editorClassName>com.hybris.oms.editor.AddressLabelEditor</editorClassName>
</editor-definition>
