<?xml version="1.0" encoding="UTF-8" standalone="yes" ?>
<widget-definition id="com.hybris.oms.omsadmin.widgets.atslist"
                   xmlns:xsi="http://www.w3.org/2001/XMLSchema-instance"
                   xsi:noNamespaceSchemaLocation="http://www.hybris.com/schema/cockpitng/widget-definition.xsd">

    <name>List of ATS Configuration View Model</name>
    <description>Show a list of ATS formulas</description>
    <defaultTitle>ATS Configuration View Model</defaultTitle>
    <author>Hybris</author>
    <version>1</version>

    <keywords>
        <keyword>OMS Admin</keyword>
    </keywords>


    <sockets>
        <output type="com.hybris.oms.domain.ats.AtsFormula" id="selectedFormula"/>
    </sockets>


    <controller class="com.hybris.omsadmin.widgets.ats.OmsAtsConfigurationListVM"/>

    <view src="atsconfigurationlistwidget.zul"/>

</widget-definition>
