<?xml version="1.0" encoding="UTF-8" standalone="yes"?>
<editor-definition id="com.hybris.cockpitng.editor.orderStatusEditor"
                   xmlns:xsi="http://www.w3.org/2001/XMLSchema-instance"
                   xsi:noNamespaceSchemaLocation="http://www.hybris.com/schema/cockpitng/editor-definition.xsd">

    <name>Order Status Editor</name>
    <description>Order Status Editor</description>
    <author>hybris</author>
    <version>0.1</version>

    <type>List(java.lang.Object)</type>
    <editorClassName>com.hybris.oms.editor.OrderStatusEditor</editorClassName>
</editor-definition>
