<?xml version="1.0" encoding="UTF-8" standalone="yes"?>
<action-definition id="com.hybris.oms.actions.forwardToBinList"
                   xmlns:xsi="http://www.w3.org/2001/XMLSchema-instance"
                   xsi:noNamespaceSchemaLocation="http://www.hybris.com/schema/cockpitng/action-definition.xsd">

    <name>forward.bin.list</name>
    <description>This action allow a user to jump to the bin list</description>
    <author>hybris</author>
    <version>0.1</version>

    <actionClassName>com.hybris.oms.actions.ForwardToBinListAction</actionClassName>
    <inputType>com.hybris.oms.domain.inventory.Location</inputType>
    <outputType>java.lang.Object</outputType>
    <iconUri>icons/Goto_Normal.png</iconUri>
    <iconDisabledUri>icons/Goto_OFF.png</iconDisabledUri>
    <settings>
        <setting key="viewMode" default-value="iconAndText"/>
    </settings>
</action-definition>
