<?xml version="1.0" encoding="UTF-8" standalone="yes"?>
<editor-definition id="com.hybris.cockpitng.editor.rangeDateEditor"
	xmlns:xsi="http://www.w3.org/2001/XMLSchema-instance"
	xsi:noNamespaceSchemaLocation="http://www.hybris.com/schema/cockpitng/editor-definition.xsd">
	<name>Range Date Editor</name>
	<description>Range Date Editor</description>
	<author>hybris</author>
	<version>0.1</version>

	<type>Range(java.util.Date)</type>
	<editorClassName>com.hybris.cockpitng.editor.DefaultRangeDateEditor</editorClassName>
</editor-definition>
