<?xml version="1.0" encoding="UTF-8" standalone="yes"?>
<widget-definition  id="com.hybris.cockpitng.widgets.common.beaneditor"
					xmlns:xsi="http://www.w3.org/2001/XMLSchema-instance"
					xsi:noNamespaceSchemaLocation="http://www.hybris.com/schema/cockpitng/widget-definition.xsd">
	<name>Bean Editor</name>
	<description>Allow to edit a single bean.</description>
	<defaultTitle>Editor</defaultTitle>
	<author>hybris</author>
	<version>0.1</version>

	<sockets>
		<input id="toCreate" type="java.lang.Object"/>
		<input id="toEdit" type="java.lang.Object"/>
		<input id="revertChanges"/>
		<input id="reset"/>
		<input id="referenceValue" type="com.hybris.cockpitng.widgets.common.referenceselector.ReferenceSelectorData"/>
		<output id="changedObject" type="com.hybris.cockpitng.widgets.common.beaneditor.ObjectState"/>
        <output id="updated" type="java.lang.Object"/>
        <output id="created" type="java.lang.Object"/>
        <output id="deleted" type="java.lang.Object"/>
    </sockets>

	<view src="beaneditor.zul"/>
	<controller class="com.hybris.cockpitng.widgets.common.beaneditor.BeanEditorController" />
	<settings>
		<setting key="type" type="java.lang.String"/>
		<setting key="headerVisible" type="java.lang.Boolean" default-value="true"/>
	</settings>
	<keywords>
		<keyword>Edit</keyword>
	</keywords>
</widget-definition>
