<?xml version="1.0" encoding="UTF-8" standalone="yes"?>
<action-definition id="com.hybris.cocpitng.actions.common.cancelchanges"
	xmlns:xsi="http://www.w3.org/2001/XMLSchema-instance"
	xsi:noNamespaceSchemaLocation="http://www.hybris.com/schema/cockpitng/action-definition.xsd">

	<name>name.cancel</name>
	<description>This action allow a user to cancel changes in Bean Editor</description>
	<author>hybris</author>
	<version>0.1</version>

	<actionClassName>com.hybris.cockpitng.actions.CancelChangesAction</actionClassName>
	<inputType>com.hybris.cockpitng.widgets.common.beaneditor.ObjectState</inputType>
	<settings>
 		<setting key="viewMode" default-value="textOnly"/>
		<setting key="actionStyleClass" default-value="secondary-action"/>
	</settings>
</action-definition>
