<?xml version="1.0" encoding="UTF-8" standalone="yes"?>
<action-definition id="com.hybris.oms.actions.updateReturn"
                   xmlns:xsi="http://www.w3.org/2001/XMLSchema-instance"
                   xsi:noNamespaceSchemaLocation="http://www.hybris.com/schema/cockpitng/action-definition.xsd">

    <name>update.return</name>
    <description>This action allow a user to update a return</description>
    <author>hybris</author>
    <version>0.1</version>

    <actionClassName>com.hybris.oms.actions.UpdateReturnAction</actionClassName>
    <inputType>com.hybris.oms.domain.returns.Return</inputType>
    <outputType>com.hybris.oms.domain.returns.Return</outputType>
    <iconUri>icons/update_return.png</iconUri>
    <settings>
        <setting key="viewMode" default-value="textOnly"/>
    </settings>
</action-definition>
