<?xml version="1.0" encoding="UTF-8" standalone="yes"?>
<action-definition id="com.hybris.oms.actions.RemoveOrderLineAction"
                   xmlns:xsi="http://www.w3.org/2001/XMLSchema-instance"
                   xsi:noNamespaceSchemaLocation="http://www.hybris.com/schema/cockpitng/action-definition.xsd">

    <name>remove.order.line</name>
    <description>Remove Order line</description>
    <author>hybris</author>
    <version>0.1</version>

    <actionClassName>com.hybris.oms.actions.RemoveOrderLineAction</actionClassName>
    <inputType>com.hybris.oms.ui.api.shipment.OrderShipmentDetail</inputType>
    <outputType>com.hybris.oms.ui.api.shipment.ShipmentDetail</outputType>
    <iconUri>icons/remove.png</iconUri>
    <settings>
        <setting key="viewMode" default-value="textOnly"/>
    </settings>
</action-definition>
