<?xml version="1.0" encoding="UTF-8" standalone="yes" ?>
<widget-definition id="com.hybris.oms.omsadmin.widgets.sourcingstrategies"
                   xmlns:xsi="http://www.w3.org/2001/XMLSchema-instance"
                   xsi:noNamespaceSchemaLocation="http://www.hybris.com/schema/cockpitng/widget-definition.xsd">

    <name>Sourcing strategy new</name>
    <description>Sourcing strategy new</description>
    <defaultTitle>Sourcing strategy new</defaultTitle>
    <author>Hybris</author>
    <version>1</version>

    <keywords>
        <keyword>OMS Admin</keyword>
    </keywords>

    <controller class="com.hybris.omsadmin.widgets.order.sourcing.OmsSourcingStrategiesVM"/>

    <view src="sourcingstrategieswidget.zul"/>

</widget-definition>
