<?xml version="1.0" encoding="UTF-8" standalone="yes"?>
<editor-definition id="com.hybris.oms.cockpit.editors.dropdown.booleandropdown"
                   xmlns:xsi="http://www.w3.org/2001/XMLSchema-instance"
                   xsi:noNamespaceSchemaLocation="http://www.hybris.com/schema/cockpitng/editor-definition.xsd">

    <name>Boolean String Editor</name>
    <description>Boolean String Editor</description>
    <author>hybris</author>
    <version>0.1</version>

    <type>java.lang.String</type>
    <editorClassName>com.hybris.omsadmin.editors.dropdown.booleandropdown.StringBooleanEditor</editorClassName>
</editor-definition>
