<?xml version="1.0" encoding="UTF-8" standalone="yes"?>
<editor-definition id="com.hybris.cockpitng.editor.amounteditor"
                   xmlns:xsi="http://www.w3.org/2001/XMLSchema-instance"
                   xsi:noNamespaceSchemaLocation="http://www.hybris.com/schema/cockpitng/editor-definition.xsd">

    <name>Amount Editor</name>
    <description>Amount Editor</description>
    <author>hybris</author>
    <version>0.1</version>

    <type>com.hybris.oms.domain.types.Amount</type>
    <editorClassName>com.hybris.oms.editor.AmountEditor</editorClassName>
</editor-definition>
