<?xml version="1.0" encoding="UTF-8" standalone="yes"?>
<editor-definition id="com.hybris.cockpitng.editor.shortbooleanlisteditor"
                   xmlns:xsi="http://www.w3.org/2001/XMLSchema-instance"
                   xsi:noNamespaceSchemaLocation="http://www.hybris.com/schema/cockpitng/editor-definition.xsd">

    <name>Checkbox Boolean Editor</name>
    <description>Checkbox Boolean Editor</description>
    <author>hybris</author>
    <version>0.1</version>

    <type>java.lang.Boolean</type>
    <editorClassName>com.hybris.oms.editor.ShortBooleanListEditor</editorClassName>
</editor-definition>
