<?xml version="1.0" encoding="UTF-8" standalone="yes"?>
<editor-definition id="com.hybris.cockpitng.editor.omsPopupReferenceEditor"
                   xmlns:xsi="http://www.w3.org/2001/XMLSchema-instance"
                   xsi:noNamespaceSchemaLocation="http://www.hybris.com/schema/cockpitng/editor-definition.xsd">

    <name>Oms Popup Reference Editor</name>
    <description>Oms Popup Reference Editor</description>
    <author>hybris</author>
    <version>0.1</version>
    <type>Collection(java.lang.Object)</type>
    <editorClassName>com.hybris.oms.editor.OmsPopupReferenceEditor</editorClassName>
</editor-definition>
