<?xml version="1.0" encoding="UTF-8" standalone="yes"?>
<action-definition id="com.hybris.oms.actions.PrintPickSlipAction"
                   xmlns:xsi="http://www.w3.org/2001/XMLSchema-instance"
                   xsi:noNamespaceSchemaLocation="http://www.hybris.com/schema/cockpitng/action-definition.xsd">

    <name>print.pick.slip</name>
    <description>Print pick slip Action</description>
    <author>hybris</author>
    <version>0.1</version>

    <actionClassName>com.hybris.oms.actions.PrintPickSlipAction</actionClassName>
    <inputType>com.hybris.oms.ui.api.shipment.ShipmentDetail</inputType>
    <outputType>com.hybris.oms.ui.api.shipment.ShipmentDetail</outputType>
    <iconUri>icons/pick_slip_icon.png</iconUri>
    <iconDisabledUri>icons/pick_slip_icon.png</iconDisabledUri>
    <settings>
        <setting key="viewMode" default-value="iconAndText"/>
    </settings>
</action-definition>
