<?xml version="1.0" encoding="UTF-8" standalone="yes"?>
<action-definition id="com.hybris.oms.actions.PrintPackSlipAction"
                   xmlns:xsi="http://www.w3.org/2001/XMLSchema-instance"
                   xsi:noNamespaceSchemaLocation="http://www.hybris.com/schema/cockpitng/action-definition.xsd">

    <name>print.pack.slip</name>
    <description>This action allows a user to print packslip</description>
    <author>SriRadha Naidu</author>
    <version>0.1</version>

    <actionClassName>com.hybris.oms.actions.PrintPackSlipAction</actionClassName>
    <inputType>com.hybris.oms.ui.api.shipment.ShipmentDetail</inputType>
    <outputType>com.hybris.oms.ui.api.shipment.ShipmentDetail</outputType>
    <iconUri>icons/sys_but_pack_slip.png</iconUri>
    <settings>
        <setting key="viewMode" default-value="iconAndText"/>
    </settings>
</action-definition>
