<?xml version="1.0" encoding="UTF-8" standalone="yes"?>
<editor-definition id="com.hybris.cockpitng.editor.locationRolesEditor"
                   xmlns:xsi="http://www.w3.org/2001/XMLSchema-instance"
                   xsi:noNamespaceSchemaLocation="http://www.hybris.com/schema/cockpitng/editor-definition.xsd">

    <name>Location Roles Editor</name>
    <description>Location Roles Editor</description>
    <author>hybris</author>
    <version>0.1</version>

    <type>Set(com.hybris.oms.domain.locationrole.LocationRole)</type>
    <editorClassName>com.hybris.oms.editor.LocationRoleEditor</editorClassName>
</editor-definition>
