<?xml version="1.0" encoding="UTF-8" standalone="yes"?>
<action-definition id="com.hybris.oms.actions.updateItemLocation"
                   xmlns:xsi="http://www.w3.org/2001/XMLSchema-instance"
                   xsi:noNamespaceSchemaLocation="http://www.hybris.com/schema/cockpitng/action-definition.xsd">

    <name>update.location</name>
    <description>This action allow a user to update item location</description>
    <author>hybris</author>
    <version>0.1</version>

    <actionClassName>com.hybris.oms.actions.UpdateItemLocationAction</actionClassName>
    <inputType>com.hybris.oms.domain.inventory.ItemLocation</inputType>
    <iconUri>icons/update_location.png</iconUri>
    <settings>
        <setting key="viewMode" default-value="textOnly"/>
    </settings>
</action-definition>
