<?xml version="1.0" encoding="UTF-8" standalone="yes" ?>
<widget-definition id="com.hybris.oms.cockpit.widgets.preferences.attribute.AttributeConfigurationVM"
                   xmlns:xsi="http://www.w3.org/2001/XMLSchema-instance"
                   xsi:noNamespaceSchemaLocation="http://www.hybris.com/schema/cockpitng/widget-definition.xsd">

    <name>Attribute Configuration Widget</name>
    <description>Display and update attribute descriptions</description>
    <defaultTitle>Attribute Configuration Widget</defaultTitle>
    <author>Hybris</author>
    <version>1</version>

    <keywords>
        <keyword>OMS Admin</keyword>
    </keywords>

    <controller class="com.hybris.omsadmin.widgets.preferences.attribute.AttributeConfigurationVM"/>

    <view src="attributeconfigurationwidget.zul"/>

</widget-definition>
