<?xml version="1.0" encoding="UTF-8" standalone="yes"?>
<action-definition id="com.hybris.oms.cockpit.actions.DeleteListItemAction"
                   xmlns:xsi="http://www.w3.org/2001/XMLSchema-instance"
                   xsi:noNamespaceSchemaLocation="http://www.hybris.com/schema/cockpitng/action-definition.xsd">

    <name>delete.ats</name>
    <description>Delete ATS</description>
    <author>hybris</author>
    <version>0.1</version>

    <actionClassName>com.hybris.omsadmin.actions.DeleteListItemAction</actionClassName>
    <inputType>java.lang.Object</inputType>
    <outputType>java.util.String</outputType>
    <iconUri>icons/DeleteRed.png</iconUri>
</action-definition>
