<?xml version="1.0" encoding="UTF-8" standalone="yes" ?>
<widget-definition id="com.hybris.oms.omsadmin.widgets.inventoryrules"
                   xmlns:xsi="http://www.w3.org/2001/XMLSchema-instance"
                   xsi:noNamespaceSchemaLocation="http://www.hybris.com/schema/cockpitng/widget-definition.xsd">

    <name>List of Inventory Rules MVVM</name>
    <description>Display a list of inventory rules</description>
    <defaultTitle>List of Inventory rules</defaultTitle>
    <author>Jefferson-Stanley Jules</author>
    <version>1</version>

    <keywords>
        <keyword>OMS Admin</keyword>
    </keywords>

    <controller class="com.hybris.omsadmin.widgets.inventory.OmsInventoryRuleVM"/>

    <view src="inventoryruleswidget.zul"/>

</widget-definition>
