<?xml version="1.0" encoding="UTF-8" standalone="yes"?>
<action-definition id="com.hybris.oms.actions.updateBin"
                   xmlns:xsi="http://www.w3.org/2001/XMLSchema-instance"
                   xsi:noNamespaceSchemaLocation="http://www.hybris.com/schema/cockpitng/action-definition.xsd">

    <name>update.bin</name>
    <description>This action allow a user to update bin</description>
    <author>hybris</author>
    <version>0.1</version>

    <actionClassName>com.hybris.oms.actions.UpdateBinAction</actionClassName>
    <inputType>com.hybris.oms.domain.inventory.Bin</inputType>
    <outputType>com.hybris.oms.domain.inventory.Bin</outputType>
    <iconUri>icons/update_bin.png</iconUri>
    <settings>
        <setting key="viewMode" default-value="textOnly"/>
    </settings>
</action-definition>
