<?xml version="1.0" encoding="UTF-8" standalone="yes"?>
<action-definition id="com.hybris.oms.actions.bopis.PickAction"
                   xmlns:xsi="http://www.w3.org/2001/XMLSchema-instance"
                   xsi:noNamespaceSchemaLocation="http://www.hybris.com/schema/cockpitng/action-definition.xsd">

    <name>pick.slip</name>
    <description>Pick Slip Action BOPIS</description>
    <author>hybris</author>
    <version>0.1</version>

    <actionClassName>com.hybris.oms.actions.bopis.PickAction</actionClassName>
    <inputType>java.lang.Object</inputType>
    <outputType>java.util.String</outputType>
    <iconUri>icons/picked.png</iconUri>
    <settings>
        <setting key="viewMode" default-value="iconAndText"/>
    </settings>
</action-definition>
