<?xml version="1.0" encoding="UTF-8" standalone="yes"?>
<action-definition id="com.hybris.oms.actions.create.location"
                   xmlns:xsi="http://www.w3.org/2001/XMLSchema-instance"
                   xsi:noNamespaceSchemaLocation="http://www.hybris.com/schema/cockpitng/action-definition.xsd">

    <name>create.location</name>
    <description>Create Location</description>
    <author>hybris</author>
    <version>0.1</version>

    <actionClassName>com.hybris.oms.actions.CreateLocationAction</actionClassName>
    <inputType>java.lang.Object</inputType>
    <iconUri>icons/add_new_location.png</iconUri>
    <settings>
        <setting key="viewMode" default-value="iconAndText"/>
    </settings>
</action-definition>
