<?xml version="1.0" encoding="UTF-8" standalone="yes"?>
<action-definition id="com.hybris.oms.actions.rejectReturn"
                   xmlns:xsi="http://www.w3.org/2001/XMLSchema-instance"
                   xsi:noNamespaceSchemaLocation="http://www.hybris.com/schema/cockpitng/action-definition.xsd">

    <name>reject.return</name>
    <description>Approve Return</description>
    <author>hybris</author>
    <version>0.1</version>

    <actionClassName>com.hybris.oms.actions.RejectReturnAction</actionClassName>
    <inputType>com.hybris.oms.domain.returns.Return</inputType>
    <iconUri>icons/add_normal.png</iconUri>
    <settings>
        <setting key="viewMode" default-value="textOnly"/>
    </settings>
</action-definition>
