<?xml version="1.0" encoding="UTF-8" standalone="yes"?>
<editor-definition id="com.hybris.oms.returns.ReturnReasonCodesComboboxEditor"
                   xmlns:xsi="http://www.w3.org/2001/XMLSchema-instance"
                   xsi:noNamespaceSchemaLocation="http://www.hybris.com/schema/cockpitng/editor-definition.xsd">

    <name>Return Reason Codes Combobox Editor</name>
    <description>Return Reason Codes Combobox Editor</description>
    <author>hybris</author>
    <version>0.1</version>

    <type>java.lang.Enum</type>
    <editorClassName>com.hybris.oms.returns.ReturnReasonCodesComboboxEditor</editorClassName>
</editor-definition>
