<?xml version="1.0" encoding="UTF-8" standalone="yes" ?>
<widget-definition id="com.hybris.oms.omsadmin.widgets.inventorystatus"
                   xmlns:xsi="http://www.w3.org/2001/XMLSchema-instance"
                   xsi:noNamespaceSchemaLocation="http://www.hybris.com/schema/cockpitng/widget-definition.xsd">

    <!-- Code reviewed -->

    <name>Inventory Status MVVM</name>
    <description>Inventory Status MVVM</description>
    <defaultTitle>Inventory Status MVVM</defaultTitle>
    <author>Hybris</author>
    <version>1</version>

    <keywords>
        <keyword>OMS Admin</keyword>
    </keywords>


    <sockets>
        <input type="com.hybris.oms.domain.inventory.ItemStatus" id="inventoryStatusEvent"/>
    </sockets>

    <controller class="com.hybris.omsadmin.widgets.inventory.OmsInventoryStatusVM"/>

    <view src="inventorystatusconfigurationwidget.zul"/>

</widget-definition>
