<?xml version="1.0" encoding="UTF-8" standalone="yes"?>
<action-definition id="com.hybris.oms.actions.CancelOrderAction"
                   xmlns:xsi="http://www.w3.org/2001/XMLSchema-instance"
                   xsi:noNamespaceSchemaLocation="http://www.hybris.com/schema/cockpitng/action-definition.xsd">

    <name>cancel.order.name</name>
    <description>This action allow a user to cancel order</description>
    <author>Waseem Fadel</author>
    <version>0.1</version>

    <actionClassName>com.hybris.oms.actions.CancelOrderAction</actionClassName>
    <inputType>com.hybris.oms.ui.api.order.UIOrderDetails</inputType>
    <outputType>com.hybris.oms.ui.api.order.UIOrderDetails</outputType>
    <iconUri>icons/sys_but_cancel_order.png</iconUri>
    <settings>
        <setting key="viewMode" default-value="iconAndText"/>
    </settings>
</action-definition>
