<?xml version="1.0" encoding="UTF-8" standalone="yes" ?>
<widget-definition id="com.hybris.oms.omsadmin.widgets.inventorystatuslist"
                   xmlns:xsi="http://www.w3.org/2001/XMLSchema-instance"
                   xsi:noNamespaceSchemaLocation="http://www.hybris.com/schema/cockpitng/widget-definition.xsd">

    <!-- Code reviewed -->

    <name>List of Inventory Statuses Mvvm</name>
    <description>Display a list of inventory statuses</description>
    <defaultTitle>List of Inventory Statuses Mvvm</defaultTitle>
    <author>Hybris</author>
    <version>1</version>

    <keywords>
        <keyword>OMS Admin</keyword>
    </keywords>

    <sockets>
        <output type="com.hybris.oms.domain.inventory.ItemStatus" id="selectedStatus"/>
    </sockets>

    <controller class="com.hybris.omsadmin.widgets.inventory.OmsInventoryListStatusVM"/>

    <view src="inventorystatuslistwidget.zul"/>

</widget-definition>
