<?xml version="1.0" encoding="UTF-8"?>
<config xmlns="http://www.hybris.com/cockpit/config"
	xmlns:xsi="http://www.w3.org/2001/XMLSchema-instance"
	xmlns:y="http://www.hybris.com/cockpit/config/hybris"
	xsi:schemaLocation="http://www.hybris.com/cockpit/config ../../main/resources/schemas/config/cockpit-configuration.xsd
	                    http://www.hybris.com/cockpit/config/hybris ../../main/resources/schemas/config/hybris/cockpit-configuration-hybris.xsd">

	<context component="listView" type="Product" mold="referenceSelectorResults">
      	<y:list-view unassigned-group-name="Other">
                <y:group name="General">
                    <y:property qualifier="code" visible="true"/>
                    <y:property qualifier="name" visible="true"/>
                    <y:property qualifier="description" visible="true"/>
                </y:group>
      	</y:list-view>
	</context>

	<context component="listView" type="Product" mold="referenceSelectorOutcome">
      	<y:list-view unassigned-group-name="Other">
                <y:group name="General">
                    <y:property qualifier="code" visible="true"/>
                    <y:property qualifier="name" visible="true"/>
                    <y:property qualifier="description" visible="true"/>
                </y:group>
      	</y:list-view>
	</context>

	<context component="listView" type="CatalogVersion" mold="referenceSelectorResults">
      	<y:list-view unassigned-group-name="Other">
                <y:group name="General">
                    <y:property qualifier="catalog" visible="true"/>
                    <y:property qualifier="version" visible="true"/>
                </y:group>
      	</y:list-view>
	</context>

	<context component="listView" type="CatalogVersion" mold="referenceSelectorOutcome">
      	<y:list-view unassigned-group-name="Other">
                <y:group name="General">
                    <y:property qualifier="catalog" visible="true"/>
                    <y:property qualifier="version" visible="true"/>
                </y:group>
      	</y:list-view>
	</context>
</config>
