<?xml version="1.0" encoding="UTF-8" standalone="yes"?>
<widget-definition id="com.hybris.cockpitng.widgets.common.duallistbox"
				   xmlns:xsi="http://www.w3.org/2001/XMLSchema-instance"
				   xsi:noNamespaceSchemaLocation="http://www.hybris.com/schema/cockpitng/widget-definition.xsd">
	<name>DualListbox</name>
	<description>DualListbox</description>
	<defaultTitle></defaultTitle>
	<author>hybris</author>
	<version>1.0</version>
	<sockets>
		<input id="inputItems" type="com.hybris.cockpitng.widgets.common.duallistbox.DualListBoxInput" />
		<output id="outputItems" type="java.lang.Object" multiplicity="Collection" />
		<output id="pagingState" type="com.hybris.cockpitng.widgets.common.state.PagingState"/>
		<output id="close" type="java.lang.String"/>
	</sockets>
	<view src="duallistbox.zul"/>
	<controller class="com.hybris.cockpitng.widgets.common.duallistbox.DualListboxController"/>
	<keywords>
		<keyword>Edit</keyword>
	</keywords>
	<settings>
		<setting key="leftToolbarVisible" default-value="false" type="Boolean"/>
		<setting key="rightToolbarVisible" default-value="false" type="Boolean"/>
		<setting key="leftSwitchBtnVisible" default-value="false" type="Boolean"/>
		<setting key="rightSwitchBtnVisible" default-value="false" type="Boolean"/>
	</settings>
</widget-definition>
