<?xml version="1.0" encoding="UTF-8" standalone="yes"?>
<action-definition id="com.hybris.oms.actions.CancelRefundAction"
                   xmlns:xsi="http://www.w3.org/2001/XMLSchema-instance"
                   xsi:noNamespaceSchemaLocation="http://www.hybris.com/schema/cockpitng/action-definition.xsd">

    <name>cancel.refund.name</name>
    <description>This action allow a user to cancel a given return</description>
    <author>hybris</author>
    <version>0.1</version>
    <actionClassName>com.hybris.oms.actions.CancelRefundAction</actionClassName>
    <inputType>com.hybris.cockpitng.widgets.common.beaneditor.ObjectState</inputType>
    <outputType>com.hybris.cockpitng.widgets.common.beaneditor.ObjectState</outputType>
    <iconUri>icons/cancel_refund.png</iconUri>
    <settings>
        <setting key="viewMode" default-value="iconAndText"/>
    </settings>
</action-definition>
