<?xml version="1.0" encoding="UTF-8" standalone="yes"?>
<widget-definition  id="com.hybris.cockpitng.widgets.common.listview"
					xmlns:xsi="http://www.w3.org/2001/XMLSchema-instance"
					xsi:noNamespaceSchemaLocation="http://www.hybris.com/schema/cockpitng/widget-definition.xsd">
	<name>List View</name>
	<description>Displays elements in a table like fashion</description>
	<defaultTitle>List view</defaultTitle>
	<author>hybris</author>
	<version>0.1</version>
	<sockets>
		<input id="resultPage" type="com.hybris.cockpitng.widgets.common.searchwidget.ResultPage"/>
		<input id="selectItem" type="java.lang.Object"/>
		<output id="resultType" type="java.lang.String" />
		<output id="selectedItem" type="java.lang.Object"/>
		<output id="pagingState" type="com.hybris.cockpitng.widgets.common.state.PagingState"/>
		<output id="headerClicked" type="java.lang.Boolean"/>
        <output id="updated" type="java.lang.Object"/>
        <output id="created" type="java.lang.Object"/>
        <output id="deleted" type="java.lang.Object"/>
	</sockets>
	<view src="listViewWidget.zul"/>
	<controller class="com.hybris.cockpitng.widgets.common.listview.controller.ListViewController"/>
	<keywords>
		<keyword>List</keyword>
	</keywords>
	<settings>
		<setting key="fixedPageSize" default-value="false" type="Boolean"/>
		<setting key="maxPageSize" default-value="100" type="Integer"/>
		<setting key="availableModes" default-value="list,tree,compact" type="String" />
		<setting key="pagingVisible" default-value="true" type="Boolean" />
		<setting key="titleVisible" default-value="true" type="Boolean" />
		<setting key="configurationContext" default-value="listView" type="String" />
		<setting key="sortableListHeader" default-value="true" type="Boolean" />
		<setting key="listHeaderVisible" default-value="true" type="Boolean" />
		<setting key="treeViewInitiallyExpanded" default-value="false" type="Boolean" />
		<setting key="treeSelectableRows" default-value="false" type="Boolean" />
		<setting key="treeActionsVisible" default-value="true" type="Boolean" />
	</settings>
</widget-definition>
