<?xml version="1.0" encoding="UTF-8" standalone="yes"?>
<widget-definition id="com.hybris.oms.widgets.emptyselectioninfo" xmlns:xsi="http://www.w3.org/2001/XMLSchema-instance"
                   xsi:noNamespaceSchemaLocation="http://www.hybris.com/schema/cockpitng/widget-definition.xsd">
    <name>Empty selection info</name>
    <description>Empty selection info</description>
    <defaultTitle>Empty selection</defaultTitle>
    <author>hybris</author>
    <version>0.1</version>
    <view src="emptyselectioninfo.zul"/>
    <keywords>
        <keyword>Miscellaneous</keyword>
    </keywords>
</widget-definition>
